Tanggal_Service;Alat_yg_Diservice;Biaya;Ket
2024-08-15;Speaker;1500000;Ganti subwoofer
2024-08-29;Guitar;250000;Rewiring
2024-08-29;Bass;150000;Rewiring
2024-08-26;Keyboard;800000;Rewiring
2024-09-01;Amplifier;750000;Rewiring
2024-10-08;Guitar;54000;Ganti senar
2024-11-05;Keyboard;50000;Rewiring pedal sustain
2024-12-29;Keyboard;140000;Ganti adaptor
2025-02-17;Bass;117500;Ganti senar
2025-02-18;Guitar;130000;Ganti senar
2025-03-21;Keyboard;50000;Rewiring pedal sustain
2025-04-05;Keyboard;55000;Ganti adaptor
2025-04-11;Drum;337000;Ganti membran tom
2025-05-04;Guitar;73000;Ganti senar
2025-05-12;Keyboard;2000;Beli baut stand
2025-06-05;Bass;95000;Ganti senar
Total;;4553500;
